/*
SQLyog Community v12.2.6 (64 bit)
MySQL - 5.6.28-log  First Wave Gnome Stealth Bomber.MANY THANKS TO Frank for his previous work.
******************************************************************************************
*/
update `creature_template` set `InhabitType`=4,`AIName`='SmartAI' WHERE `entry` in(39039,40785);
update `creature_template` set `faction`=57 where `entry` in (39039,39041,39042,40785);
replace into `creature_template_addon` (`entry`, `path_id`, `mount`, `bytes1`, `bytes2`, `emote`, `aiAnimKit`, `movementAnimKit`, `meleeAnimKit`, `auras`) values('39039','0','0','33554432','1','0','0','0','0',NULL);
Delete from `creature` where `guid`=500100;
insert into `creature` (`guid`, `id`, `map`, `zoneId`, `areaId`, `spawnMask`, `phaseId`, `phaseGroup`, `modelid`, `equipment_id`, `position_x`, `position_y`, `position_z`, `orientation`, `spawntimesecs`, `spawndist`, `currentwaypoint`, `curhealth`, `curmana`, `MovementType`, `npcflag`, `unit_flags`, `dynamicflags`, `VerifiedBuild`) values('500100','39068','648','4720','4914','1','183','0','0','1','1704.46','2844.75','18.1688','1.66378','300','0','0','176','0','0','0','557056','0','0');
/*
Bomber passengers pilot:39041,machine gun:40785.
*/
delete from `vehicle_template_accessory` where `entry`=39039;
insert into `vehicle_template_accessory` (`entry`, `accessory_entry`, `seat_id`, `minion`, `description`, `summontype`, `summontimer`) values('39039','40785','1','1','Gnomeregan bomber Lost Isles. Machine gun npc..','5','30000');
insert into `vehicle_template_accessory` (`entry`, `accessory_entry`, `seat_id`, `minion`, `description`, `summontype`, `summontimer`) values('39039','39041','0','0','Gnomeregan bomber Lost Isles. Pilot.','1','30000');

Delete from `creature_addon` where `guid` in(245768,246748,247595,248194,248196,248276,248288,248314,286691,286693,286695,286698,286708,286709);

insert into `creature_addon` (`guid`, `path_id`, `mount`, `bytes1`, `bytes2`, `emote`, `aiAnimKit`, `movementAnimKit`, `meleeAnimKit`, `auras`) values('245768','245768','0','50331648','1','0','0','0','0',NULL);
insert into `creature_addon` (`guid`, `path_id`, `mount`, `bytes1`, `bytes2`, `emote`, `aiAnimKit`, `movementAnimKit`, `meleeAnimKit`, `auras`) values('247595','247595','0','50331648','1','0','0','0','0',NULL);
insert into `creature_addon` (`guid`, `path_id`, `mount`, `bytes1`, `bytes2`, `emote`, `aiAnimKit`, `movementAnimKit`, `meleeAnimKit`, `auras`) values('248194','248194','0','50331648','1','0','0','0','0',NULL);
insert into `creature_addon` (`guid`, `path_id`, `mount`, `bytes1`, `bytes2`, `emote`, `aiAnimKit`, `movementAnimKit`, `meleeAnimKit`, `auras`) values('248196','248196','0','50331648','1','0','0','0','0',NULL);
insert into `creature_addon` (`guid`, `path_id`, `mount`, `bytes1`, `bytes2`, `emote`, `aiAnimKit`, `movementAnimKit`, `meleeAnimKit`, `auras`) values('248276','248276','0','50331648','1','0','0','0','0',NULL);
insert into `creature_addon` (`guid`, `path_id`, `mount`, `bytes1`, `bytes2`, `emote`, `aiAnimKit`, `movementAnimKit`, `meleeAnimKit`, `auras`) values('248288','248288','0','50331648','1','0','0','0','0',NULL);
insert into `creature_addon` (`guid`, `path_id`, `mount`, `bytes1`, `bytes2`, `emote`, `aiAnimKit`, `movementAnimKit`, `meleeAnimKit`, `auras`) values('248314','248314','0','50331648','1','0','0','0','0',NULL);
insert into `creature_addon` (`guid`, `path_id`, `mount`, `bytes1`, `bytes2`, `emote`, `aiAnimKit`, `movementAnimKit`, `meleeAnimKit`, `auras`) values('286691','286691','0','50331648','1','0','0','0','0',NULL);
insert into `creature_addon` (`guid`, `path_id`, `mount`, `bytes1`, `bytes2`, `emote`, `aiAnimKit`, `movementAnimKit`, `meleeAnimKit`, `auras`) values('286693','286693','0','50331648','1','0','0','0','0',NULL);
insert into `creature_addon` (`guid`, `path_id`, `mount`, `bytes1`, `bytes2`, `emote`, `aiAnimKit`, `movementAnimKit`, `meleeAnimKit`, `auras`) values('286695','286695','0','50331648','1','0','0','0','0',NULL);
insert into `creature_addon` (`guid`, `path_id`, `mount`, `bytes1`, `bytes2`, `emote`, `aiAnimKit`, `movementAnimKit`, `meleeAnimKit`, `auras`) values('286698','286698','0','50331648','1','0','0','0','0',NULL);
insert into `creature_addon` (`guid`, `path_id`, `mount`, `bytes1`, `bytes2`, `emote`, `aiAnimKit`, `movementAnimKit`, `meleeAnimKit`, `auras`) values('286708','286708','0','50331648','1','0','0','0','0',NULL);
insert into `creature_addon` (`guid`, `path_id`, `mount`, `bytes1`, `bytes2`, `emote`, `aiAnimKit`, `movementAnimKit`, `meleeAnimKit`, `auras`) values('286709','286709','0','50331648','1','0','0','0','0',NULL);

/*
MySQL - 5.6.28-log --dumping spawn data.
******************
*/

replace into `creature` (`guid`, `id`, `map`, `zoneId`, `areaId`, `spawnMask`, `phaseId`, `phaseGroup`, `modelid`, `equipment_id`, `position_x`, `position_y`, `position_z`, `orientation`, `spawntimesecs`, `spawndist`, `currentwaypoint`, `curhealth`, `curmana`, `MovementType`, `npcflag`, `unit_flags`, `dynamicflags`, `VerifiedBuild`) values('245768','39039','648','4720','4914','1','183','0','0','0','2043.48','2882.15','58.064','5.67628','300','0','0','1640','0','2','16777216','0','0','0');
replace into `creature` (`guid`, `id`, `map`, `zoneId`, `areaId`, `spawnMask`, `phaseId`, `phaseGroup`, `modelid`, `equipment_id`, `position_x`, `position_y`, `position_z`, `orientation`, `spawntimesecs`, `spawndist`, `currentwaypoint`, `curhealth`, `curmana`, `MovementType`, `npcflag`, `unit_flags`, `dynamicflags`, `VerifiedBuild`) values('246748','39039','648','4720','4914','1','183','0','0','0','1565.91','2922.07','32.8702','0.0183861','300','0','0','1640','0','2','16777216','0','0','0');
replace into `creature` (`guid`, `id`, `map`, `zoneId`, `areaId`, `spawnMask`, `phaseId`, `phaseGroup`, `modelid`, `equipment_id`, `position_x`, `position_y`, `position_z`, `orientation`, `spawntimesecs`, `spawndist`, `currentwaypoint`, `curhealth`, `curmana`, `MovementType`, `npcflag`, `unit_flags`, `dynamicflags`, `VerifiedBuild`) values('247595','39039','648','4720','4914','1','183','0','0','0','1843.73','2873.94','49.4165','3.00309','300','0','0','1640','0','2','16777216','0','0','0');
replace into `creature` (`guid`, `id`, `map`, `zoneId`, `areaId`, `spawnMask`, `phaseId`, `phaseGroup`, `modelid`, `equipment_id`, `position_x`, `position_y`, `position_z`, `orientation`, `spawntimesecs`, `spawndist`, `currentwaypoint`, `curhealth`, `curmana`, `MovementType`, `npcflag`, `unit_flags`, `dynamicflags`, `VerifiedBuild`) values('248194','39039','648','4720','4914','1','183','0','0','0','1816.09','2995.86','11.5403','2.49257','300','0','0','1640','0','2','16777216','0','0','0');
replace into `creature` (`guid`, `id`, `map`, `zoneId`, `areaId`, `spawnMask`, `phaseId`, `phaseGroup`, `modelid`, `equipment_id`, `position_x`, `position_y`, `position_z`, `orientation`, `spawntimesecs`, `spawndist`, `currentwaypoint`, `curhealth`, `curmana`, `MovementType`, `npcflag`, `unit_flags`, `dynamicflags`, `VerifiedBuild`) values('248196','39039','648','4720','4914','1','183','0','0','1','1924.4','2826.83','87.8425','1.50827','300','0','0','1640','0','2','16777216','0','0','0');
replace into `creature` (`guid`, `id`, `map`, `zoneId`, `areaId`, `spawnMask`, `phaseId`, `phaseGroup`, `modelid`, `equipment_id`, `position_x`, `position_y`, `position_z`, `orientation`, `spawntimesecs`, `spawndist`, `currentwaypoint`, `curhealth`, `curmana`, `MovementType`, `npcflag`, `unit_flags`, `dynamicflags`, `VerifiedBuild`) values('248276','39039','648','4720','4914','1','183','0','0','1','1693.26','2918.04','82.4181','3.52929','300','0','0','1640','0','2','16777216','0','0','0');
replace into `creature` (`guid`, `id`, `map`, `zoneId`, `areaId`, `spawnMask`, `phaseId`, `phaseGroup`, `modelid`, `equipment_id`, `position_x`, `position_y`, `position_z`, `orientation`, `spawntimesecs`, `spawndist`, `currentwaypoint`, `curhealth`, `curmana`, `MovementType`, `npcflag`, `unit_flags`, `dynamicflags`, `VerifiedBuild`) values('248288','39039','648','4720','4914','1','183','0','0','0','1761.19','2953.42','97.4249','4.34665','300','0','0','1640','0','2','16777216','0','0','0');
replace into `creature` (`guid`, `id`, `map`, `zoneId`, `areaId`, `spawnMask`, `phaseId`, `phaseGroup`, `modelid`, `equipment_id`, `position_x`, `position_y`, `position_z`, `orientation`, `spawntimesecs`, `spawndist`, `currentwaypoint`, `curhealth`, `curmana`, `MovementType`, `npcflag`, `unit_flags`, `dynamicflags`, `VerifiedBuild`) values('248314','39039','648','4720','4914','1','183','0','0','0','1531.6','2888.37','77.0132','4.67187','300','0','0','1640','0','2','16777216','0','0','0');
replace into `creature` (`guid`, `id`, `map`, `zoneId`, `areaId`, `spawnMask`, `phaseId`, `phaseGroup`, `modelid`, `equipment_id`, `position_x`, `position_y`, `position_z`, `orientation`, `spawntimesecs`, `spawndist`, `currentwaypoint`, `curhealth`, `curmana`, `MovementType`, `npcflag`, `unit_flags`, `dynamicflags`, `VerifiedBuild`) values('286691','39039','648','4720','4914','1','183','0','31281','0','1775.11','3034.64','50.064','4.94931','300','0','0','1640','0','2','16777216','0','0','0');
replace into `creature` (`guid`, `id`, `map`, `zoneId`, `areaId`, `spawnMask`, `phaseId`, `phaseGroup`, `modelid`, `equipment_id`, `position_x`, `position_y`, `position_z`, `orientation`, `spawntimesecs`, `spawndist`, `currentwaypoint`, `curhealth`, `curmana`, `MovementType`, `npcflag`, `unit_flags`, `dynamicflags`, `VerifiedBuild`) values('286693','39039','648','4720','4914','1','183','0','31281','0','1714.24','2931.71','100.185','5.84049','300','0','0','1640','0','2','16777216','0','0','0');
replace into `creature` (`guid`, `id`, `map`, `zoneId`, `areaId`, `spawnMask`, `phaseId`, `phaseGroup`, `modelid`, `equipment_id`, `position_x`, `position_y`, `position_z`, `orientation`, `spawntimesecs`, `spawndist`, `currentwaypoint`, `curhealth`, `curmana`, `MovementType`, `npcflag`, `unit_flags`, `dynamicflags`, `VerifiedBuild`) values('286695','39039','648','4720','4914','1','183','0','0','1','1916.42','2998.12','56.3011','4.36167','300','0','0','1640','0','2','16777216','0','0','0');
replace into `creature` (`guid`, `id`, `map`, `zoneId`, `areaId`, `spawnMask`, `phaseId`, `phaseGroup`, `modelid`, `equipment_id`, `position_x`, `position_y`, `position_z`, `orientation`, `spawntimesecs`, `spawndist`, `currentwaypoint`, `curhealth`, `curmana`, `MovementType`, `npcflag`, `unit_flags`, `dynamicflags`, `VerifiedBuild`) values('286698','39039','648','4720','4914','1','183','0','0','1','1615.98','2939.64','124.472','0.16935','300','0','0','1640','0','2','16777216','0','0','0');
replace into `creature` (`guid`, `id`, `map`, `zoneId`, `areaId`, `spawnMask`, `phaseId`, `phaseGroup`, `modelid`, `equipment_id`, `position_x`, `position_y`, `position_z`, `orientation`, `spawntimesecs`, `spawndist`, `currentwaypoint`, `curhealth`, `curmana`, `MovementType`, `npcflag`, `unit_flags`, `dynamicflags`, `VerifiedBuild`) values('286708','39039','648','4720','4914','1','183','0','31281','0','1580.86','2922','54.064','5.53126','300','0','0','1640','0','2','16777216','0','0','0');
replace into `creature` (`guid`, `id`, `map`, `zoneId`, `areaId`, `spawnMask`, `phaseId`, `phaseGroup`, `modelid`, `equipment_id`, `position_x`, `position_y`, `position_z`, `orientation`, `spawntimesecs`, `spawndist`, `currentwaypoint`, `curhealth`, `curmana`, `MovementType`, `npcflag`, `unit_flags`, `dynamicflags`, `VerifiedBuild`) values('286709','39039','648','4720','4914','1','183','0','31281','0','1927.54','3005.43','52.064','4.0847','300','0','0','1640','0','2','16777216','0','0','0');

/*
MySQL - 5.6.28-log --Gnome Stealth Bomber temp AI
******************
*/
delete from `smart_scripts` where `entryorguid` in(-286709,-286708,-286698,-286695,-286693,-286691,-248314,-248288,-248288,-248276,-248196,-248194,-247595,-246748,-245768);

insert into `smart_scripts` (`entryorguid`, `source_type`, `id`, `link`, `event_type`, `event_phase_mask`, `event_chance`, `event_flags`, `event_param1`, `event_param2`, `event_param3`, `event_param4`, `action_type`, `action_param1`, `action_param2`, `action_param3`, `action_param4`, `action_param5`, `action_param6`, `target_type`, `target_param1`, `target_param2`, `target_param3`, `target_x`, `target_y`, `target_z`, `target_o`, `comment`) values('-286709','0','0','0','32','0','100','1','50','60','1500000','1500000','11','73481','2','0','0','0','0','1','0','0','0','0','0','0','0','Gnome Bomber - OnDamage% - show flames.');
insert into `smart_scripts` (`entryorguid`, `source_type`, `id`, `link`, `event_type`, `event_phase_mask`, `event_chance`, `event_flags`, `event_param1`, `event_param2`, `event_param3`, `event_param4`, `action_type`, `action_param1`, `action_param2`, `action_param3`, `action_param4`, `action_param5`, `action_param6`, `target_type`, `target_param1`, `target_param2`, `target_param3`, `target_x`, `target_y`, `target_z`, `target_o`, `comment`) values('-286708','0','0','0','32','0','100','1','50','60','1500000','1500000','11','73481','2','0','0','0','0','1','0','0','0','0','0','0','0','Gnome Bomber - OnDamage% - show flames.');
insert into `smart_scripts` (`entryorguid`, `source_type`, `id`, `link`, `event_type`, `event_phase_mask`, `event_chance`, `event_flags`, `event_param1`, `event_param2`, `event_param3`, `event_param4`, `action_type`, `action_param1`, `action_param2`, `action_param3`, `action_param4`, `action_param5`, `action_param6`, `target_type`, `target_param1`, `target_param2`, `target_param3`, `target_x`, `target_y`, `target_z`, `target_o`, `comment`) values('-286698','0','0','0','32','0','100','1','50','60','1500000','1500000','11','73481','2','0','0','0','0','1','0','0','0','0','0','0','0','Gnome Bomber - OnDamage% - show flames.');
insert into `smart_scripts` (`entryorguid`, `source_type`, `id`, `link`, `event_type`, `event_phase_mask`, `event_chance`, `event_flags`, `event_param1`, `event_param2`, `event_param3`, `event_param4`, `action_type`, `action_param1`, `action_param2`, `action_param3`, `action_param4`, `action_param5`, `action_param6`, `target_type`, `target_param1`, `target_param2`, `target_param3`, `target_x`, `target_y`, `target_z`, `target_o`, `comment`) values('-286695','0','0','0','32','0','100','1','50','60','1500000','1500000','11','73481','2','0','0','0','0','1','0','0','0','0','0','0','0','Gnome Bomber - OnDamage% - show flames.');
insert into `smart_scripts` (`entryorguid`, `source_type`, `id`, `link`, `event_type`, `event_phase_mask`, `event_chance`, `event_flags`, `event_param1`, `event_param2`, `event_param3`, `event_param4`, `action_type`, `action_param1`, `action_param2`, `action_param3`, `action_param4`, `action_param5`, `action_param6`, `target_type`, `target_param1`, `target_param2`, `target_param3`, `target_x`, `target_y`, `target_z`, `target_o`, `comment`) values('-286693','0','0','0','32','0','100','1','50','60','1500000','1500000','11','73481','2','0','0','0','0','1','0','0','0','0','0','0','0','Gnome Bomber - OnDamage% - show flames.');
insert into `smart_scripts` (`entryorguid`, `source_type`, `id`, `link`, `event_type`, `event_phase_mask`, `event_chance`, `event_flags`, `event_param1`, `event_param2`, `event_param3`, `event_param4`, `action_type`, `action_param1`, `action_param2`, `action_param3`, `action_param4`, `action_param5`, `action_param6`, `target_type`, `target_param1`, `target_param2`, `target_param3`, `target_x`, `target_y`, `target_z`, `target_o`, `comment`) values('-286691','0','0','0','32','0','100','1','50','60','1500000','1500000','11','73481','2','0','0','0','0','1','0','0','0','0','0','0','0','Gnome Bomber - OnDamage% - show flames.');
insert into `smart_scripts` (`entryorguid`, `source_type`, `id`, `link`, `event_type`, `event_phase_mask`, `event_chance`, `event_flags`, `event_param1`, `event_param2`, `event_param3`, `event_param4`, `action_type`, `action_param1`, `action_param2`, `action_param3`, `action_param4`, `action_param5`, `action_param6`, `target_type`, `target_param1`, `target_param2`, `target_param3`, `target_x`, `target_y`, `target_z`, `target_o`, `comment`) values('-248314','0','0','0','32','0','100','1','50','60','1500000','1500000','11','73481','2','0','0','0','0','1','0','0','0','0','0','0','0','Gnome Bomber - OnDamage% - show flames.');
insert into `smart_scripts` (`entryorguid`, `source_type`, `id`, `link`, `event_type`, `event_phase_mask`, `event_chance`, `event_flags`, `event_param1`, `event_param2`, `event_param3`, `event_param4`, `action_type`, `action_param1`, `action_param2`, `action_param3`, `action_param4`, `action_param5`, `action_param6`, `target_type`, `target_param1`, `target_param2`, `target_param3`, `target_x`, `target_y`, `target_z`, `target_o`, `comment`) values('-248288','0','0','0','1','0','100','0','1000','5000','10000','10000','11','73327','2','0','0','0','0','1','0','0','0','0','0','0','0','Gnome Bomber - OCC - cast summon trooper. itr 1000');
insert into `smart_scripts` (`entryorguid`, `source_type`, `id`, `link`, `event_type`, `event_phase_mask`, `event_chance`, `event_flags`, `event_param1`, `event_param2`, `event_param3`, `event_param4`, `action_type`, `action_param1`, `action_param2`, `action_param3`, `action_param4`, `action_param5`, `action_param6`, `target_type`, `target_param1`, `target_param2`, `target_param3`, `target_x`, `target_y`, `target_z`, `target_o`, `comment`) values('-248288','0','1','0','32','0','100','0','50','60','10000','10000','11','73481','1','0','0','0','0','1','0','0','0','0','0','0','0','Gnome Bomber - OnDamage% - show flames.');
insert into `smart_scripts` (`entryorguid`, `source_type`, `id`, `link`, `event_type`, `event_phase_mask`, `event_chance`, `event_flags`, `event_param1`, `event_param2`, `event_param3`, `event_param4`, `action_type`, `action_param1`, `action_param2`, `action_param3`, `action_param4`, `action_param5`, `action_param6`, `target_type`, `target_param1`, `target_param2`, `target_param3`, `target_x`, `target_y`, `target_z`, `target_o`, `comment`) values('-248276','0','0','0','32','0','100','1','50','60','1500000','1500000','11','73481','2','0','0','0','0','1','0','0','0','0','0','0','0','Gnome Bomber - OnDamage% - show flames.');
insert into `smart_scripts` (`entryorguid`, `source_type`, `id`, `link`, `event_type`, `event_phase_mask`, `event_chance`, `event_flags`, `event_param1`, `event_param2`, `event_param3`, `event_param4`, `action_type`, `action_param1`, `action_param2`, `action_param3`, `action_param4`, `action_param5`, `action_param6`, `target_type`, `target_param1`, `target_param2`, `target_param3`, `target_x`, `target_y`, `target_z`, `target_o`, `comment`) values('-248196','0','0','0','32','0','100','0','50','60','1500000','1500000','11','73481','2','0','0','0','0','1','0','0','0','0','0','0','0','Gnome Bomber - OnDamage% - show flames.');
insert into `smart_scripts` (`entryorguid`, `source_type`, `id`, `link`, `event_type`, `event_phase_mask`, `event_chance`, `event_flags`, `event_param1`, `event_param2`, `event_param3`, `event_param4`, `action_type`, `action_param1`, `action_param2`, `action_param3`, `action_param4`, `action_param5`, `action_param6`, `target_type`, `target_param1`, `target_param2`, `target_param3`, `target_x`, `target_y`, `target_z`, `target_o`, `comment`) values('-248194','0','0','0','32','0','100','1','50','60','1500000','1500000','11','73481','2','0','0','0','0','1','0','0','0','0','0','0','0','Gnome Bomber - OnDamage% - show flames.');
insert into `smart_scripts` (`entryorguid`, `source_type`, `id`, `link`, `event_type`, `event_phase_mask`, `event_chance`, `event_flags`, `event_param1`, `event_param2`, `event_param3`, `event_param4`, `action_type`, `action_param1`, `action_param2`, `action_param3`, `action_param4`, `action_param5`, `action_param6`, `target_type`, `target_param1`, `target_param2`, `target_param3`, `target_x`, `target_y`, `target_z`, `target_o`, `comment`) values('-247595','0','0','0','32','0','100','0','50','60','10000','15000','11','73481','2','0','0','0','0','1','0','0','0','0','0','0','0','Gnome Bomber - OnDamage% - show flames.');
insert into `smart_scripts` (`entryorguid`, `source_type`, `id`, `link`, `event_type`, `event_phase_mask`, `event_chance`, `event_flags`, `event_param1`, `event_param2`, `event_param3`, `event_param4`, `action_type`, `action_param1`, `action_param2`, `action_param3`, `action_param4`, `action_param5`, `action_param6`, `target_type`, `target_param1`, `target_param2`, `target_param3`, `target_x`, `target_y`, `target_z`, `target_o`, `comment`) values('-246748','0','0','0','32','0','100','1','50','60','1500000','1500000','11','73481','2','0','0','0','0','1','0','0','0','0','0','0','0','Gnome Bomber - OnDamage% - show flames.');
insert into `smart_scripts` (`entryorguid`, `source_type`, `id`, `link`, `event_type`, `event_phase_mask`, `event_chance`, `event_flags`, `event_param1`, `event_param2`, `event_param3`, `event_param4`, `action_type`, `action_param1`, `action_param2`, `action_param3`, `action_param4`, `action_param5`, `action_param6`, `target_type`, `target_param1`, `target_param2`, `target_param3`, `target_x`, `target_y`, `target_z`, `target_o`, `comment`) values('-245768','0','0','0','32','0','100','0','50','60','1500000','1500000','11','73481','2','0','0','0','0','1','0','0','0','0','0','0','0','Gnome Bomber - OnDamage% - show flames.');

