

UPDATE creature_template SET modelid1=38689, minlevel=88, maxlevel=88, faction=2204, unit_flags=32776 WHERE entry=36622;

DELETE FROM creature_template_addon WHERE entry=36622;
INSERT INTO creature_template_addon VALUES 
(36622, 0, 0, 0, 1, 0, "");

DELETE FROM waypoint_data WHERE id=3662200;
INSERT INTO waypoint_data VALUES 
(3662200, 0, 990.2989, 3847.225, 3.229019, 4.314629, 0, 1, 0, 0, 0),
(3662200, 1, 982.969, 3840.568, 3.229796, 4.004399, 0, 1, 0, 0, 0),
(3662200, 2, 971.9352, 3816.387, 3.23076, 5.374913, 0, 1, 0, 0, 0),
(3662200, 3, 975.2913, 3810.38, 3.23076, 5.221761, 0, 1, 0, 0, 0),
(3662200, 4, 980.188, 3810.202, 3.230962, 6.2467, 0, 1, 0, 0, 0),
(3662200, 5, 980.8309, 3812.375, 3.231904, 1.228005, 0, 1, 0, 0, 0),
(3662200, 6, 983.0446, 3818.283, 8.608394, 1.69139, 0, 1, 0, 0, 0),
(3662200, 7, 982.9799, 3820.387, 8.698087, 1.542164, 0, 1, 0, 0, 0),
(3662200, 8, 982.9996, 3821.723, 10.39601, 1.530383, 0, 1, 0, 0, 0),
(3662200, 9, 981.4396, 3822.528, 11.16622, 2.665284, 0, 1, 0, 0, 0),
(3662200, 10, 980.5885, 3822.906, 11.16468, 2.724189, 0, 1, 0, 0, 0),
(3662200, 11, 980.7786, 3823.334, 11.19272, 1.153392, 0, 1, 0, 0, 0),
(3662200, 12, 980.7786, 3823.334, 11.19272, 1.153392, 0, 1, 0, 0, 0);

DELETE FROM creature WHERE id=36161 AND guid=246096;
INSERT INTO creature VALUES 
(246096, 36161, 648, 0, 0, 1, "179", 0, 0, 0, 980.804, 3823.14, 11.1827, 1.169371, 86400, 0, 0, 0, 0, 0, 0, 0, 0);

DELETE FROM creature_text WHERE entry=36161;
INSERT INTO creature_text VALUES 
(36161, 0, 0, "Use the Cyclone of the Elements to kill the pirates on the ships and boats!", 41, 0, 100, 0, 0, 0, "say Thrall", 0),
(36161, 1, 0, "Spirits of the sea, rise and lay waste to my enemies!", 14, 0, 100, 0, 0, 20141, "Thrall", 36198),
(36161, 2, 0, "Power of the ocean, heed my call!", 14, 0, 100, 0, 0, 20142, "Thrall", 36199),
(36161, 3, 0, "Children of the watery depths, lay waste to those who foul your realm!", 14, 0, 100, 0, 0, 20143, "Thrall", 36200),
(36161, 4, 0, "Speed of the storm, heed my call!", 14, 0, 100, 0, 0, 20144, "Thrall", 36201),
(36161, 5, 0, "Winds of boundless fury, unleash your tempest upon the Alliance!", 14, 0, 100, 0, 0, 20145, "Thrall", 36202),
(36161, 6, 0, "Sons of Stormwall, descend and destroy those who would prevent me from protecting this world!", 14, 0, 100, 0, 0, 20146, "Thrall", 36203);

update creature set phaseids=179 where guid in(168989, 168949);

update creature set phaseids=179, spawndist=0, MovementType=0 where id=36177;

UPDATE creature_template SET ScriptName="npc_invisible_stalker_quest_phase4_36177" WHERE entry=36177;

DELETE FROM creature WHERE id=36176;
INSERT INTO creature VALUES 
(34271, 36176, 648, 0, 0, 1, "179", 0, 30031, 1, 964.911, 3887.54, -1.77475, 1.02974, 60, 0, 0, 120, 0, 0, 0, 0, 0), 
(34295, 36176, 648, 0, 0, 1, "179", 0, 30033, 1, 962.805, 3904.53, -1.72971, 5.8294, 60, 0, 0, 120, 0, 0, 0, 0, 0), 
(34304, 36176, 648, 0, 0, 1, "179", 0, 30032, 1, 958.184, 3884.87, -1.71044, 0.837758, 60, 0, 0, 120, 0, 0, 0, 0, 0), 
(34310, 36176, 648, 0, 0, 1, "179", 0, 30031, 1, 963.122, 3896.19, -1.67874, 0.471239, 60, 0, 0, 120, 0, 0, 0, 0, 0), 
(34313, 36176, 648, 0, 0, 1, "179", 0, 30031, 1, 974.203, 3848.69, -1.67555, 1.20428, 60, 0, 0, 120, 0, 0, 0, 0, 0), 
(34315, 36176, 648, 0, 0, 1, "179", 0, 30033, 1, 1097.23, 3786.4, -1.56635, 4.92183, 60, 0, 0, 120, 0, 0, 0, 0, 0), 
(34319, 36176, 648, 0, 0, 1, "179", 0, 30032, 1, 1088.18, 3842.06, -1.54935, 2.09439, 60, 0, 0, 120, 0, 0, 0, 0, 0), 
(34348, 36176, 648, 0, 0, 1, "179", 0, 30034, 1, 935.378, 3814.06, -1.52355, 4.36332, 60, 0, 0, 120, 0, 0, 0, 0, 0), 
(34352, 36176, 648, 0, 0, 1, "179", 0, 30032, 1, 964.781, 3857.56, -1.52251, 0.471239, 60, 0, 0, 120, 0, 0, 0, 0, 0), 
(34388, 36176, 648, 0, 0, 1, "179", 0, 30031, 1, 1108.33, 3812.3, -1.52011, 0.453786, 60, 0, 0, 120, 0, 0, 0, 0, 0), 
(177276, 36176, 648, 0, 0, 1, "179", 0, 30031, 1, 1020.32, 3790.84, -1.51504, 4.85202, 60, 0, 0, 120, 0, 0, 0, 0, 0), 
(177290, 36176, 648, 0, 0, 1, "179", 0, 30034, 1, 998.575, 3793.93, -1.50967, 4.92183, 60, 0, 0, 120, 0, 0, 0, 0, 0), 
(177292, 36176, 648, 0, 0, 1, "179", 0, 30033, 1, 1095.8, 3841.97, -1.50865, 5.77704, 60, 0, 0, 120, 0, 0, 0, 0, 0), 
(177299, 36176, 648, 0, 0, 1, "179", 0, 30032, 1, 1080.49, 3827.46, -1.50238, 0.523599, 60, 0, 0, 120, 0, 0, 0, 0, 0), 
(177301, 36176, 648, 0, 0, 1, "179", 0, 30033, 1, 1004.32, 3783.05, -1.49836, 2.89725, 60, 0, 0, 120, 0, 0, 0, 0, 0), 
(177303, 36176, 648, 0, 0, 1, "179", 0, 30034, 1, 1034.57, 3787.82, -1.49608, 4.45059, 60, 0, 0, 120, 0, 0, 0, 0, 0), 
(177305, 36176, 648, 0, 0, 1, "179", 0, 30034, 1, 942.05, 3884.01, -1.49597, 0.506145, 60, 0, 0, 120, 0, 0, 0, 0, 0), 
(177307, 36176, 648, 0, 0, 1, "179", 0, 30032, 1, 902.967, 3897.06, -1.49418, 3.24631, 60, 0, 0, 120, 0, 0, 0, 0, 0), 
(177310, 36176, 648, 0, 0, 1, "179", 0, 30031, 1, 895.884, 3907.3, -1.49227, 3.80482, 60, 0, 0, 120, 0, 0, 0, 0, 0), 
(177321, 36176, 648, 0, 0, 1, "179", 0, 30034, 1, 1106.68, 3825.76, -1.4916, 1.93731, 60, 0, 0, 120, 0, 0, 0, 0, 0), 
(177323, 36176, 648, 0, 0, 1, "179", 0, 30031, 1, 1029.17, 3797.24, -1.48875, 4.62512, 60, 0, 0, 120, 0, 0, 0, 0, 0), 
(177328, 36176, 648, 0, 0, 1, "179", 0, 30033, 1, 934.788, 3862.28, -1.48799, 3.78736, 60, 0, 0, 120, 0, 0, 0, 0, 0), 
(177341, 36176, 648, 0, 0, 1, "179", 0, 30032, 1, 1019.83, 3816.17, -1.48139, 1.41372, 60, 0, 0, 120, 0, 0, 0, 0, 0), 
(177350, 36176, 648, 0, 0, 1, "179", 0, 30031, 1, 973.804, 3856.26, -1.47806, 0.907571, 60, 0, 0, 120, 0, 0, 0, 0, 0), 
(177352, 36176, 648, 0, 0, 1, "179", 0, 30034, 1, 916.707, 3853.73, -1.47693, 6.03884, 60, 0, 0, 120, 0, 0, 0, 0, 0), 
(177823, 36176, 648, 0, 0, 1, "179", 0, 30032, 1, 1012.76, 3788.5, -1.47509, 3.45575, 60, 0, 0, 120, 0, 0, 0, 0, 0), 
(177825, 36176, 648, 0, 0, 1, "179", 0, 30031, 1, 1016.02, 3854.24, -1.47176, 0.418879, 60, 0, 0, 120, 0, 0, 0, 0, 0), 
(177828, 36176, 648, 0, 0, 1, "179", 0, 30031, 1, 949.653, 3832.32, -1.46884, 4.13643, 60, 0, 0, 120, 0, 0, 0, 0, 0), 
(177830, 36176, 648, 0, 0, 1, "179", 0, 30034, 1, 959.731, 3827.42, -1.46759, 3.78736, 60, 0, 0, 120, 0, 0, 0, 0, 0), 
(193349, 36176, 648, 0, 0, 1, "179", 0, 30032, 1, 1096.06, 3815.74, -1.46718, 1.64061, 60, 0, 0, 120, 0, 0, 0, 0, 0), 
(194244, 36176, 648, 0, 0, 1, "179", 0, 30031, 1, 999.25, 3808.45, -1.46345, 4.76475, 60, 0, 0, 120, 0, 0, 0, 0, 0), 
(194246, 36176, 648, 0, 0, 1, "179", 0, 30032, 1, 916.302, 3819.86, -1.46342, 3.92699, 60, 0, 0, 120, 0, 0, 0, 0, 0), 
(195429, 36176, 648, 0, 0, 1, "179", 0, 30034, 1, 943.906, 3848.54, -1.46149, 3.05433, 60, 0, 0, 120, 0, 0, 0, 0, 0), 
(197140, 36176, 648, 0, 0, 1, "179", 0, 30034, 1, 1010.65, 3800.68, -1.45978, 4.11898, 60, 0, 0, 120, 0, 0, 0, 0, 0), 
(197875, 36176, 648, 0, 0, 1, "179", 0, 30033, 1, 925.717, 3837.15, -1.45939, 1.88496, 60, 0, 0, 120, 0, 0, 0, 0, 0), 
(197966, 36176, 648, 0, 0, 1, "179", 0, 30031, 1, 1022.47, 3774.52, -1.45838, 4.93928, 60, 0, 0, 120, 0, 0, 0, 0, 0), 
(198680, 36176, 648, 0, 0, 1, "179", 0, 30034, 1, 895.304, 3925.07, -1.44326, 0.872665, 60, 0, 0, 120, 0, 0, 0, 0, 0), 
(198799, 36176, 648, 0, 0, 1, "179", 0, 30033, 1, 1015.36, 3824.28, -1.44302, 1.309, 60, 0, 0, 120, 0, 0, 0, 0, 0), 
(199401, 36176, 648, 0, 0, 1, "179", 0, 30032, 1, 1085.57, 3826.54, -1.4429, 0.506145, 60, 0, 0, 120, 0, 0, 0, 0, 0), 
(199687, 36176, 648, 0, 0, 1, "179", 0, 30031, 1, 909.611, 3926.57, -1.44253, 3.00197, 60, 0, 0, 120, 0, 0, 0, 0, 0), 
(199945, 36176, 648, 0, 0, 1, "179", 0, 30032, 1, 901.339, 3917.14, -1.44173, 1.74533, 60, 0, 0, 120, 0, 0, 0, 0, 0), 
(199947, 36176, 648, 0, 0, 1, "179", 0, 30031, 1, 1029.96, 3828.55, -1.43967, 1.71042, 60, 0, 0, 120, 0, 0, 0, 0, 0), 
(199960, 36176, 648, 0, 0, 1, "179", 0, 30031, 1, 889.892, 3897.71, -1.42912, 3.42085, 60, 0, 0, 120, 0, 0, 0, 0, 0), 
(199967, 36176, 648, 0, 0, 1, "179", 0, 30033, 1, 1021.77, 3852.05, -1.42788, 1.02974, 60, 0, 0, 120, 0, 0, 0, 0, 0), 
(202892, 36176, 648, 0, 0, 1, "179", 0, 30031, 1, 919.465, 3920.95, -1.42762, 2.77507, 60, 0, 0, 120, 0, 0, 0, 0, 0), 
(203552, 36176, 648, 0, 0, 1, "179", 0, 30031, 1, 951.422, 3894.61, -1.4246, 0.296706, 60, 0, 0, 120, 0, 0, 0, 0, 0), 
(205386, 36176, 648, 0, 0, 1, "179", 0, 30032, 1, 886.554, 3909.69, -1.42267, 4.17134, 60, 0, 0, 120, 0, 0, 0, 0, 0), 
(212213, 36176, 648, 0, 0, 1, "179", 0, 30034, 1, 896.943, 3909.86, -1.42084, 3.82227, 60, 0, 0, 120, 0, 0, 0, 0, 0), 
(214233, 36176, 648, 0, 0, 1, "179", 0, 30032, 1, 1031.26, 3810.29, -1.41845, 1.67552, 60, 0, 0, 120, 0, 0, 0, 0, 0), 
(214771, 36176, 648, 0, 0, 1, "179", 0, 30034, 1, 948.094, 3816.48, -1.41177, 3.64774, 60, 0, 0, 120, 0, 0, 0, 0, 0), 
(214800, 36176, 648, 0, 0, 1, "179", 0, 30032, 1, 946.177, 3851.09, -1.41059, 5.8294, 60, 0, 0, 120, 0, 0, 0, 0, 0), 
(217361, 36176, 648, 0, 0, 1, "179", 0, 30033, 1, 1081.01, 3800.69, -1.40635, 2.23402, 60, 0, 0, 120, 0, 0, 0, 0, 0), 
(217395, 36176, 648, 0, 0, 1, "179", 0, 30033, 1, 976.512, 3869.99, -1.38487, 5.8294, 60, 0, 0, 120, 0, 0, 0, 0, 0), 
(221905, 36176, 648, 0, 0, 1, "179", 0, 30034, 1, 1092.06, 3798.97, -1.37104, 2.05949, 60, 0, 0, 120, 0, 0, 0, 0, 0), 
(222428, 36176, 648, 0, 0, 1, "179", 0, 30031, 1, 934.727, 3824.41, -1.36201, 4.60767, 60, 0, 0, 120, 0, 0, 0, 0, 0), 
(230353, 36176, 648, 0, 0, 1, "179", 0, 30031, 1, 1033.66, 3845.24, -1.35327, 2.19912, 60, 0, 0, 120, 0, 0, 0, 0, 0), 
(230481, 36176, 648, 0, 0, 1, "179", 0, 30033, 1, 883.54, 3923.77, -1.34777, 2.80998, 60, 0, 0, 120, 0, 0, 0, 0, 0), 
(233677, 36176, 648, 0, 0, 1, "179", 0, 30033, 1, 877.193, 3894.3, 0.104106, 3.50811, 60, 0, 0, 120, 0, 0, 0, 0, 0), 
(233848, 36176, 648, 0, 0, 1, "179", 0, 30033, 1, 1098.85, 3775.74, 0.105982, 5.41052, 60, 0, 0, 120, 0, 0, 0, 0, 0), 
(233881, 36176, 648, 0, 0, 1, "179", 0, 30031, 1, 980.161, 3864.58, 0.108192, 0.890118, 60, 0, 0, 120, 0, 0, 0, 0, 0), 
(233892, 36176, 648, 0, 0, 1, "179", 0, 30034, 1, 1025.54, 3857.66, 0.108346, 4.17134, 60, 0, 0, 120, 0, 0, 0, 0, 0), 
(233894, 36176, 648, 0, 0, 1, "179", 0, 30034, 1, 1026.75, 3859.88, 0.115175, 3.49066, 60, 0, 0, 120, 0, 0, 0, 0, 0), 
(237877, 36176, 648, 0, 0, 1, "179", 0, 30032, 1, 1098.4, 3776.99, 0.115196, 5.51524, 60, 0, 0, 120, 0, 0, 0, 0, 0), 
(238057, 36176, 648, 0, 0, 1, "179", 0, 30032, 1, 1027.08, 3753.65, 0.120118, 4.5204, 60, 0, 0, 120, 0, 0, 0, 0, 0), 
(238099, 36176, 648, 0, 0, 1, "179", 0, 30031, 1, 980.116, 3866.84, 0.129798, 2.53073, 60, 0, 0, 120, 0, 0, 0, 0, 0), 
(238154, 36176, 648, 0, 0, 1, "179", 0, 30032, 1, 1100.09, 3776.73, 0.130184, 3.87463, 60, 0, 0, 120, 0, 0, 0, 0, 0), 
(239093, 36176, 648, 0, 0, 1, "179", 0, 30033, 1, 1000.92, 3782.83, 0.13303, 6.24828, 60, 0, 0, 120, 0, 0, 0, 0, 0), 
(239095, 36176, 648, 0, 0, 1, "179", 0, 30031, 1, 1024.98, 3753.23, 0.133187, 5.44543, 60, 0, 0, 120, 0, 0, 0, 0, 0), 
(239097, 36176, 648, 0, 0, 1, "179", 0, 30031, 1, 921.861, 3851.71, 0.134099, 4.2586, 60, 0, 0, 120, 0, 0, 0, 0, 0), 
(239623, 36176, 648, 0, 0, 1, "179", 0, 30031, 1, 982.269, 3865.59, 0.134283, 3.47321, 60, 0, 0, 120, 0, 0, 0, 0, 0), 
(240464, 36176, 648, 0, 0, 1, "179", 0, 30034, 1, 1026.86, 3755.17, 0.134421, 4.79965, 60, 0, 0, 120, 0, 0, 0, 0, 0), 
(240482, 36176, 648, 0, 0, 1, "179", 0, 30034, 1, 1103.93, 3835.31, 0.136555, 2.18166, 60, 0, 0, 120, 0, 0, 0, 0, 0), 
(240484, 36176, 648, 0, 0, 1, "179", 0, 30034, 1, 1102.3, 3837.12, 0.137754, 4.92183, 60, 0, 0, 120, 0, 0, 0, 0, 0), 
(240517, 36176, 648, 0, 0, 1, "179", 0, 30034, 1, 878.925, 3893.66, 0.145932, 3.45575, 60, 0, 0, 120, 0, 0, 0, 0, 0), 
(240526, 36176, 648, 0, 0, 1, "179", 0, 30032, 1, 973.62, 3902.55, 0.147416, 4.31096, 60, 0, 0, 120, 0, 0, 0, 0, 0), 
(240540, 36176, 648, 0, 0, 1, "179", 0, 30033, 1, 974.503, 3900.28, 0.147535, 2.58309, 60, 0, 0, 120, 0, 0, 0, 0, 0), 
(240555, 36176, 648, 0, 0, 1, "179", 0, 30032, 1, 878.278, 3895.86, 0.147676, 3.50811, 60, 0, 0, 120, 0, 0, 0, 0, 0), 
(240566, 36176, 648, 0, 0, 1, "179", 0, 30031, 1, 972.142, 3901.86, 0.148218, 5.77704, 60, 0, 0, 120, 0, 0, 0, 0, 0), 
(240573, 36176, 648, 0, 0, 1, "179", 0, 30031, 1, 999.208, 3785.08, 0.149317, 5.25344, 60, 0, 0, 120, 0, 0, 0, 0, 0), 
(240598, 36176, 648, 0, 0, 1, "179", 0, 30031, 1, 972.514, 3899.78, 0.151916, 3.52556, 60, 0, 0, 120, 0, 0, 0, 0, 0), 
(240756, 36176, 648, 0, 0, 1, "179", 0, 30034, 1, 921.531, 3849.58, 0.154558, 5.0091, 60, 0, 0, 120, 0, 0, 0, 0, 0), 
(241306, 36176, 648, 0, 0, 1, "179", 0, 30033, 1, 919.453, 3851.25, 0.154689, 2.18166, 60, 0, 0, 120, 0, 0, 0, 0, 0), 
(241797, 36176, 648, 0, 0, 1, "179", 0, 30032, 1, 1102.56, 3833.93, 0.154785, 1.50098, 60, 0, 0, 120, 0, 0, 0, 0, 0), 
(241800, 36176, 648, 0, 0, 1, "179", 0, 30031, 1, 1100.8, 3835.65, 0.159302, 6.0912, 60, 0, 0, 120, 0, 0, 0, 0, 0), 
(241808, 36176, 648, 0, 0, 1, "179", 0, 30033, 1, 936.016, 3810.44, 0.159305, 1.97222, 60, 0, 0, 120, 0, 0, 0, 0, 0), 
(242182, 36176, 648, 0, 0, 1, "179", 0, 30032, 1, 933.122, 3807.19, 0.16102, 1.8326, 60, 0, 0, 120, 0, 0, 0, 0, 0), 
(242294, 36176, 648, 0, 0, 1, "179", 0, 30033, 1, 1024.51, 3754.69, 0.162868, 5.44543, 60, 0, 0, 120, 0, 0, 0, 0, 0), 
(242539, 36176, 648, 0, 0, 1, "179", 0, 30034, 1, 920.115, 3852.83, 0.165137, 2.82743, 60, 0, 0, 120, 0, 0, 0, 0, 0), 
(242553, 36176, 648, 0, 0, 1, "179", 0, 30033, 1, 1001.78, 3783.98, 0.166423, 5.89921, 60, 0, 0, 120, 0, 0, 0, 0, 0), 
(242562, 36176, 648, 0, 0, 1, "179", 0, 30034, 1, 1024.55, 3857.57, 0.169316, 4.17134, 60, 0, 0, 120, 0, 0, 0, 0, 0), 
(242922, 36176, 648, 0, 0, 1, "179", 0, 30034, 1, 934.365, 3807.61, 0.172934, 1.97222, 60, 0, 0, 120, 0, 0, 0, 0, 0), 
(243266, 36176, 648, 0, 0, 1, "179", 0, 30032, 1, 1097.25, 3780.36, 0.176789, 1.6057, 60, 0, 0, 120, 0, 0, 0, 0, 0), 
(245280, 36176, 648, 0, 0, 1, "179", 0, 30032, 1, 932.16, 3809.77, 0.178428, 5.09636, 60, 0, 0, 120, 0, 0, 0, 0, 0), 
(245962, 36176, 648, 0, 0, 1, "179", 0, 30033, 1, 1000.66, 3788.04, 0.181447, 1.69297, 60, 0, 0, 120, 0, 0, 0, 0, 0), 
(246047, 36176, 648, 0, 0, 1, "179", 0, 30032, 1, 933.717, 3810.23, 0.196379, 1.06465, 60, 0, 0, 120, 0, 0, 0, 0, 0), 
(246087, 36176, 648, 0, 0, 1, "179", 0, 30032, 1, 899.149, 3931.95, 0.296802, 4.4855, 60, 0, 0, 120, 0, 0, 0, 0, 0), 
(246155, 36176, 648, 0, 0, 1, "179", 0, 30034, 1, 899.365, 3926.93, 0.326354, 3.57792, 60, 0, 0, 120, 0, 0, 0, 0, 0), 
(246205, 36176, 648, 0, 0, 1, "179", 0, 30032, 1, 898.224, 3929.04, 0.35613, 4.27606, 60, 0, 0, 120, 0, 0, 0, 0, 0), 
(246782, 36176, 648, 0, 0, 1, "179", 0, 30031, 1, 1026.53, 3750.62, 0.365828, 4.92183, 60, 0, 0, 120, 0, 0, 0, 0, 0), 
(248051, 36176, 648, 0, 0, 1, "179", 0, 0, 0, 1056.07, 3842.15, 15.3826, 0.299375, 500, 0, 0, 137, 0, 0, 0, 0, 0), 
(248052, 36176, 648, 0, 0, 1, "179", 0, 0, 0, 1058.02, 3820.31, 8.64012, 2.40424, 500, 0, 0, 120, 0, 0, 0, 0, 0), 
(248053, 36176, 648, 0, 0, 1, "179", 0, 0, 0, 1060.76, 3806.76, 8.04506, 3.29567, 500, 0, 0, 137, 0, 0, 0, 0, 0), 
(248054, 36176, 648, 0, 0, 1, "179", 0, 0, 0, 1058.51, 3800.19, 2.61787, 1.95656, 500, 0, 0, 120, 0, 0, 0, 0, 0), 
(248055, 36176, 648, 0, 0, 1, "179", 0, 0, 0, 1061.81, 3792.36, 4.59913, 0.00877476, 500, 0, 0, 137, 0, 0, 0, 0, 0), 
(248056, 36176, 648, 0, 0, 1, "179", 0, 0, 0, 974.873, 3806.22, 5.21358, 1.07691, 500, 0, 0, 137, 0, 0, 0, 0, 0), 
(248058, 36176, 648, 0, 0, 1, "179", 0, 0, 0, 995.413, 3851.98, 16.0744, 4.20672, 500, 0, 0, 120, 0, 0, 0, 0, 0), 
(248059, 36176, 648, 0, 0, 1, "179", 0, 0, 0, 942.193, 3920.28, 15.8259, 0.169771, 500, 0, 0, 120, 0, 0, 0, 0, 0), 
(248060, 36176, 648, 0, 0, 1, "179", 0, 0, 0, 924.988, 3910.9, 9.25815, 2.23537, 500, 0, 0, 137, 0, 0, 0, 0, 0), 
(248061, 36176, 648, 0, 0, 1, "179", 0, 0, 0, 929.485, 3904.24, 9.28409, 3.88863, 500, 0, 0, 137, 0, 0, 0, 0, 0), 
(248062, 36176, 648, 0, 0, 1, "179", 0, 0, 0, 923.111, 3897.76, 8.90812, 1.07691, 500, 0, 0, 137, 0, 0, 0, 0, 0), 
(248063, 36176, 648, 0, 0, 1, "179", 0, 0, 0, 921.456, 3887.81, 6.95658, 1.24577, 500, 0, 0, 137, 0, 0, 0, 0, 0), 
(248081, 36176, 648, 0, 0, 1, "179", 0, 0, 0, 975.478, 3798.85, 14.7504, 0.813797, 500, 0, 0, 137, 0, 0, 0, 0, 0), 
(248082, 36176, 648, 0, 0, 1, "179", 0, 0, 0, 965.548, 3798.65, 15.9251, 1.12796, 500, 0, 0, 120, 0, 0, 0, 0, 0), 
(248084, 36176, 648, 0, 0, 1, "179", 0, 0, 0, 991.446, 3837.88, 13.0503, 1.018, 500, 0, 0, 137, 0, 0, 0, 0, 0), 
(248085, 36176, 648, 0, 0, 1, "179", 0, 0, 0, 990.977, 3818.92, 8.91223, 0.0873046, 500, 0, 0, 120, 0, 0, 0, 0, 0), 
(248086, 36176, 648, 0, 0, 1, "179", 0, 0, 0, 976.468, 3832.79, 8.99501, 4.3049, 500, 0, 0, 120, 0, 0, 0, 0, 0), 
(248088, 36176, 648, 0, 0, 1, "179", 0, 0, 0, 984.518, 3845.78, 3.23032, 0.381835, 500, 0, 0, 137, 0, 0, 0, 0, 0), 
(248089, 36176, 648, 0, 0, 1, "179", 0, 0, 0, 975.456, 3832.28, 3.23141, 0.350419, 500, 0, 0, 120, 0, 0, 0, 0, 0), 
(248090, 36176, 648, 0, 0, 1, "179", 0, 0, 0, 988.361, 3829.57, 3.23183, 2.34926, 500, 0, 0, 137, 0, 0, 0, 0, 0), 
(248091, 36176, 648, 0, 0, 1, "179", 0, 0, 0, 966.684, 3810.58, 3.23091, 0.966956, 500, 0, 0, 137, 0, 0, 0, 0, 0), 
(248092, 36176, 648, 0, 0, 1, "179", 0, 0, 0, 970.803, 3822.01, 3.23091, 2.81264, 500, 0, 0, 120, 0, 0, 0, 0, 0), 
(248309, 36176, 648, 0, 0, 1, "179", 0, 30033, 1, 1025.44, 3862.55, 0.382346, 1.58825, 60, 0, 0, 120, 0, 0, 0, 0, 0), 
(248312, 36176, 648, 0, 0, 1, "179", 0, 30034, 1, 1105.11, 3838.12, 0.387136, 0.890118, 60, 0, 0, 120, 0, 0, 0, 0, 0), 
(248321, 36176, 648, 0, 0, 1, "179", 0, 30033, 1, 1097.08, 3778.97, 0.390807, 5.32325, 60, 0, 0, 120, 0, 0, 0, 0, 0), 
(248391, 36176, 648, 0, 0, 1, "179", 0, 30031, 1, 1001.71, 3786.37, 0.416058, 4.5204, 60, 0, 0, 120, 0, 0, 0, 0, 0), 
(248455, 36176, 648, 0, 0, 1, "179", 0, 30032, 1, 970.788, 3900.21, 0.425345, 3.49066, 60, 0, 0, 120, 0, 0, 0, 0, 0), 
(248458, 36176, 648, 0, 0, 1, "179", 0, 30033, 1, 880.531, 3894.57, 0.469096, 3.45575, 60, 0, 0, 120, 0, 0, 0, 0, 0), 
(248753, 36176, 648, 0, 0, 1, "179", 0, 30031, 1, 1099.95, 3834.3, 0.496717, 0.820305, 60, 0, 0, 120, 0, 0, 0, 0, 0), 
(248805, 36176, 648, 0, 0, 1, "179", 0, 30032, 1, 978.311, 3863.72, 0.499834, 0.890118, 60, 0, 0, 120, 0, 0, 0, 0, 0), 
(249027, 36176, 648, 0, 0, 1, "179", 0, 30032, 1, 979.974, 3862.61, 0.52264, 0.890118, 60, 0, 0, 120, 0, 0, 0, 0, 0), 
(249045, 36176, 648, 0, 0, 1, "179", 0, 30033, 1, 922.698, 3853.23, 0.530745, 4.39823, 60, 0, 0, 120, 0, 0, 0, 0, 0), 
(249125, 36176, 648, 0, 0, 1, "179", 0, 30033, 1, 1026.72, 3756.95, 0.539296, 4.93928, 60, 0, 0, 120, 0, 0, 0, 0, 0), 
(249215, 36176, 648, 0, 0, 1, "179", 0, 30031, 1, 880.045, 3896.32, 0.543775, 3.50811, 60, 0, 0, 120, 0, 0, 0, 0, 0), 
(249253, 36176, 648, 0, 0, 1, "179", 0, 30032, 1, 1027.39, 3856.46, 0.553046, 3.92699, 60, 0, 0, 120, 0, 0, 0, 0, 0), 
(249342, 36176, 648, 0, 0, 1, "179", 0, 30031, 1, 1101.49, 3832.93, 0.554069, 3.89208, 60, 0, 0, 120, 0, 0, 0, 0, 0), 
(249488, 36176, 648, 0, 0, 1, "179", 0, 30032, 1, 1024.81, 3856.18, 0.555807, 4.03171, 60, 0, 0, 120, 0, 0, 0, 0, 0), 
(249498, 36176, 648, 0, 0, 1, "179", 0, 30033, 1, 1096.11, 3778.02, 0.565611, 5.46288, 60, 0, 0, 120, 0, 0, 0, 0, 0), 
(249503, 36176, 648, 0, 0, 1, "179", 0, 30032, 1, 1024.29, 3756.39, 0.56964, 4.90438, 60, 0, 0, 120, 0, 0, 0, 0, 0), 
(250017, 36176, 648, 0, 0, 1, "179", 0, 30031, 1, 934.915, 3810.75, 0.627296, 1.29154, 60, 0, 0, 120, 0, 0, 0, 0, 0), 
(250024, 36176, 648, 0, 0, 1, "179", 0, 30031, 1, 999.003, 3781.96, 0.654622, 4.27606, 60, 0, 0, 120, 0, 0, 0, 0, 0), 
(250030, 36176, 648, 0, 0, 1, "179", 0, 30033, 1, 1024.54, 3861.19, 0.657223, 1.65806, 60, 0, 0, 120, 0, 0, 0, 0, 0), 
(250036, 36176, 648, 0, 0, 1, "179", 0, 30031, 1, 1026.34, 3861.48, 0.657364, 1.65806, 60, 0, 0, 120, 0, 0, 0, 0, 0), 
(250047, 36176, 648, 0, 0, 1, "179", 0, 30031, 1, 982.608, 3866.95, 0.660438, 0.890118, 60, 0, 0, 120, 0, 0, 0, 0, 0), 
(250063, 36176, 648, 0, 0, 1, "179", 0, 30032, 1, 1104.85, 3836.67, 0.660665, 0.890118, 60, 0, 0, 120, 0, 0, 0, 0, 0), 
(250072, 36176, 648, 0, 0, 1, "179", 0, 30031, 1, 1103.66, 3837.85, 0.660811, 0.418879, 60, 0, 0, 120, 0, 0, 0, 0, 0), 
(250074, 36176, 648, 0, 0, 1, "179", 0, 30033, 1, 981.264, 3867.84, 0.663825, 0.890118, 60, 0, 0, 120, 0, 0, 0, 0, 0), 
(250082, 36176, 648, 0, 0, 1, "179", 0, 30034, 1, 1025.45, 3751.45, 0.664922, 4.99164, 60, 0, 0, 120, 0, 0, 0, 0, 0), 
(250215, 36176, 648, 0, 0, 1, "179", 0, 30034, 1, 875.708, 3893.14, 0.66598, 3.42085, 60, 0, 0, 120, 0, 0, 0, 0, 0), 
(250227, 36176, 648, 0, 0, 1, "179", 0, 30032, 1, 1027.35, 3751.74, 0.669647, 4.88692, 60, 0, 0, 120, 0, 0, 0, 0, 0), 
(250231, 36176, 648, 0, 0, 1, "179", 0, 30031, 1, 919.243, 3849.1, 0.671122, 4.45059, 60, 0, 0, 120, 0, 0, 0, 0, 0), 
(250251, 36176, 648, 0, 0, 1, "179", 0, 30034, 1, 1100.89, 3775.37, 0.672749, 4.97419, 60, 0, 0, 120, 0, 0, 0, 0, 0), 
(250255, 36176, 648, 0, 0, 1, "179", 0, 30031, 1, 1099.58, 3774.27, 0.673351, 5.44543, 60, 0, 0, 120, 0, 0, 0, 0, 0), 
(250713, 36176, 648, 0, 0, 1, "179", 0, 30032, 1, 875.13, 3894.86, 0.673376, 3.49066, 60, 0, 0, 120, 0, 0, 0, 0, 0), 
(250741, 36176, 648, 0, 0, 1, "179", 0, 30033, 1, 975.411, 3902.68, 0.674103, 0.401426, 60, 0, 0, 120, 0, 0, 0, 0, 0), 
(250778, 36176, 648, 0, 0, 1, "179", 0, 30032, 1, 975.945, 3901.17, 0.674324, 0.453786, 60, 0, 0, 120, 0, 0, 0, 0, 0), 
(250782, 36176, 648, 0, 0, 1, "179", 0, 30034, 1, 920.809, 3848.54, 0.676447, 4.36332, 60, 0, 0, 120, 0, 0, 0, 0, 0), 
(250791, 36176, 648, 0, 0, 1, "179", 0, 30033, 1, 930.318, 3808.58, 0.681945, 3.45575, 60, 0, 0, 120, 0, 0, 0, 0, 0), 
(250816, 36176, 648, 0, 0, 1, "179", 0, 30032, 1, 920.748, 3848.46, 0.685051, 4.17134, 60, 0, 0, 120, 0, 0, 0, 0, 0), 
(250931, 36176, 648, 0, 0, 1, "179", 0, 30034, 1, 930.82, 3806.87, 0.687412, 3.52556, 60, 0, 0, 120, 0, 0, 0, 0, 0), 
(250954, 36176, 648, 0, 0, 1, "179", 0, 30032, 1, 898.7, 3927.75, 0.733848, 3.71755, 60, 0, 0, 120, 0, 0, 0, 0, 0), 
(251028, 36176, 648, 0, 0, 1, "179", 0, 30034, 1, 897.151, 3932.59, 0.863192, 4.4855, 60, 0, 0, 120, 0, 0, 0, 0, 0),
(251784, 36176, 648, 0, 0, 1, "179", 0, 30034, 1, 900.172, 3929.55, 0.323534, 3.92699, 60, 0, 0, 120, 0, 0, 0, 0, 0); 

replace into creature_addon (guid) values 
(34271),(34295),(34304),(34310),(34313),(34315),(34319),(34348),(34352),(34388),(177276),(177290),(177292),
(177299),(177301),(177303),(177305),(177307),(177310),(177321),(177323),(177328),(177341),(177350),(177352),
(177823),(177825),(177828),(177830),(193349),(194244),(194246),(195429),(197140),(197875),(197966),(198680),
(198799),(199401),(199687),(199945),(199947),(199960),(199967),(202892),(203552),(205386),(212213),(214233),
(214771),(214800),(217361),(217395),(221905),(222428),(230353),(230481),(233677),(233848),(233881),(233892),
(233894),(237877),(238057),(238099),(238154),(239093),(239095),(239097),(239623),(240464),(240482),(240484),
(240517),(240526),(240540),(240555),(240566),(240573),(240598),(240756),(241306),(241797),(241800),(241808),
(242182),(242294),(242539),(242553),(242562),(242922),(243266),(245280),(245962),(246047),(246087),(251784),
(246155),(246205),(246782),(248309),(248312),(248321),(248391),(248455),(248458),(248753),(248805),(249027),
(249045),(249125),(249215),(249253),(249342),(249488),(249498),(249503),(250017),(250024),(250030),(250036),
(250047),(250063),(250072),(250074),(250082),(250215),(250227),(250231),(250251),(250255),(250713),(250741),
(250778),(250782),(250791),(250816),(250931),(250954),(251028);

replace into creature_addon (guid) values 
(248054),(248088),(248092),(248091),(248089),(248090),(248055),(248056),(248063),(248053),(248052),
(248062),(248085),(248086),(248060),(248061),(248084),(248081),(248051),(248059),(248082),(248058);

update creature_addon set bytes2=1 where guid in 
(34271,34295,34304,34310,34313,34315,34319,34348,34352,34388,177276,177290,
177292,177299,177301,177303,177305,177307,177310,177321,177323,177328,
177341,177350,177352,177823,177825,177828,177830,193349,194244,194246,
195429,197140,197875,197966,198680,198799,199401,199687,199945,199947,
199960,199967,202892,203552,205386,212213,214233,214771,214800,217361,
217395,221905,222428,230353,230481,233677,233848,233881,233892,233894,
237877,238057,238099,238154,239093,239095,239097,239623,240464,240482,
240484,240517,240526,240540,240555,240566,240573,240598,240756,241306,
241797,241800,241808,242182,242294,242539,242553,242562,242922,243266,
245280,245962,246047,246087,251784,246155,246205,246782,248309,248312,
248321,248391,248455,248458,248753,248805,249027,249045,249125,249215,
249253,249342,249488,249498,249503,250017,250024,250030,250036,250047,
250063,250072,250074,250082,250215,250227,250231,250251,250255,250713,
250741,250778,250782,250791,250816,250931,250954,251028);

update creature_addon set bytes2=1, auras="29266" where guid in 
(248054,248088,248092,248091,248089,248090,248055,248056,248063,248053,248052,
248062,248085,248086,248060,248061,248084,248081,248051,248059,248082,248058);

UPDATE creature_template SET unit_flags=32768, unit_flags2=2048, dynamicflags=0 WHERE entry=36176;

update creature set position_x=919.90, position_y=3847.70 where guid=250782;

-- sitting 
update creature_addon set bytes1=4, bytes2=1, emote=0 where guid in (250227,250082,249125,249503);
-- kneel 
update creature_addon set bytes1=8, bytes2=1, emote=0 where guid in (246782,240464,238057,242294,239095);

update creature_addon set bytes1=4, bytes2=1, emote=0 where guid in (248391);
update creature_addon set bytes1=8, bytes2=1, emote=0 where guid in (242553,239093,240573);

update creature_addon set bytes1=4, bytes2=1, emote=0 where guid in (249453,250030,250036);
update creature_addon set bytes1=8, bytes2=1, emote=0 where guid in (233894,233892,242562);

update creature_addon set bytes1=4, bytes2=1, emote=0 where guid in (249342,250063,250072);
update creature_addon set bytes1=8, bytes2=1, emote=0 where guid in (240482,240484,241797,241800);

update creature_addon set bytes1=4, bytes2=1, emote=0 where guid in (248321,249498,250251,250255);
update creature_addon set bytes1=8, bytes2=1, emote=0 where guid in (237877,233848,238154);

update creature_addon set bytes1=4, bytes2=1, emote=0 where guid in (250791,250931,250017);
update creature_addon set bytes1=8, bytes2=1, emote=0 where guid in (245280,246047,242182,242922);

update creature_addon set bytes1=4, bytes2=1, emote=0 where guid in (250231,250816,249045,250782);
update creature_addon set bytes1=8, bytes2=1, emote=0 where guid in (240756,241306,242539,239097);

update creature_addon set bytes1=4, bytes2=1, emote=0 where guid in (250047,250274,249027,248805);
update creature_addon set bytes1=8, bytes2=1, emote=0 where guid in (233881,239623,238099);

update creature_addon set bytes1=4, bytes2=1, emote=0 where guid in (250741,250778,248455);
update creature_addon set bytes1=8, bytes2=1, emote=0 where guid in (240598,240566,240526,240540);

update creature_addon set bytes1=4, bytes2=1, emote=0 where guid in (250954,251028);
update creature_addon set bytes1=8, bytes2=1, emote=0 where guid in (246205,246087,251784);

update creature_addon set bytes1=4, bytes2=1, emote=0 where guid in (250713,250215,249215,248458);
update creature_addon set bytes1=8, bytes2=1, emote=0 where guid in (233677,240555,240517);

update creature set position_z=-1.37 where guid in (249568,249578,249550,249558,249545);










