

-- 894
delete from vehicle_template_accessory where entry=42399;
insert into vehicle_template_accessory values 
(42399, 42403, 0, 1, "Hobo Goods (Boots)", 7, 0),
(42399, 42401, 1, 1, "Hobo Goods (Bag)", 7, 0 ),
(42399, 42401, 2, 1, "Hobo Goods (Bag)", 7, 0),
(42399, 42402, 3, 1, "Hobo Goods (Poop)", 7, 0);

-- 893
delete from vehicle_template_accessory where entry=42400;
insert into vehicle_template_accessory values 
(42400, 42399, 0, 1, "Hobo Cart", 7, 0);

delete from npc_spellclick_spells where npc_entry in (42399,42400,42401,42402,42403);
insert into npc_spellclick_spells values 
(42399, 46598, 0, 0),
(42400, 46598, 0, 0),
(42401, 46598, 0, 0),
(42402, 46598, 0, 0),
(42403, 46598, 0, 0);

delete from creature where id in (42399, 42401,42402,42403);

UPDATE creature SET position_x=-9808.29, position_y=840.195, position_z=29.0518, MovementType=2 WHERE guid=43002;

UPDATE creature_addon SET path_id=43002 WHERE guid=43002;

DELETE FROM waypoint_data WHERE id=43002;
INSERT INTO waypoint_data VALUES 
(43002, 0, -9808.29, 840.195, 29.0518, 0, 3000, 0, 0, 100, 0),
(43002, 1, -9808.84, 841.032, 29.0518, 0, 0, 0, 0, 100, 0),
(43002, 2, -9811.92, 843.146, 28.789, 0, 0, 0, 0, 100, 0),
(43002, 3, -9813.79, 844.432, 28.587, 0, 0, 0, 0, 100, 0),
(43002, 4, -9816.34, 846.184, 27.9804, 0, 0, 0, 0, 100, 0),
(43002, 5, -9816.34, 846.184, 27.9804, 0, 0, 0, 0, 100, 0),
(43002, 6, -9817.65, 847.742, 27.6377, 0, 0, 0, 0, 100, 0),
(43002, 7, -9821.57, 852.659, 26.5711, 0, 0, 0, 0, 100, 0),
(43002, 8, -9826.04, 858.333, 25.8499, 0, 0, 0, 0, 100, 0),
(43002, 9, -9833.98, 870.886, 26.0339, 0, 0, 0, 0, 100, 0),
(43002, 10, -9839.25, 878.868, 26.9424, 0, 0, 0, 0, 100, 0),
(43002, 11, -9840.06, 880.71, 27.0187, 0, 0, 0, 0, 100, 0),
(43002, 12, -9844.71, 891.18, 28.576, 0, 0, 0, 0, 100, 0),
(43002, 13, -9848.56, 887.337, 29.009, 0, 0, 0, 0, 100, 0),
(43002, 14, -9856.3, 888.901, 30.9064, 0, 0, 0, 0, 100, 0),
(43002, 15, -9863.62, 894.021, 31.9963, 0, 0, 0, 0, 100, 0),
(43002, 16, -9870.15, 898.582, 32.3423, 0, 0, 0, 0, 100, 0),
(43002, 17, -9875.82, 904.629, 32.3518, 0, 0, 0, 0, 100, 0),
(43002, 18, -9887.34, 935.698, 32.8371, 1.88485, 0, 0, 0, 100, 0),
(43002, 19, -9910.49, 962.934, 35.4889, 2.39536, 0, 0, 0, 100, 0),
(43002, 20, -9887.34, 935.698, 32.8371, 1.88485, 0, 0, 0, 100, 0),
(43002, 21, -9875.82, 904.629, 32.3518, 0, 0, 0, 0, 100, 0),
(43002, 22, -9870.15, 898.582, 32.3423, 0, 0, 0, 0, 100, 0),
(43002, 23, -9863.62, 894.021, 31.9963, 0, 0, 0, 0, 100, 0),
(43002, 24, -9856.3, 888.901, 30.9064, 0, 0, 0, 0, 100, 0),
(43002, 25, -9848.56, 887.337, 29.009, 0, 0, 0, 0, 100, 0),
(43002, 26, -9844.71, 891.18, 28.576, 0, 0, 0, 0, 100, 0),
(43002, 27, -9840.06, 880.71, 27.0187, 0, 0, 0, 0, 100, 0),
(43002, 28, -9839.25, 878.868, 26.9424, 0, 0, 0, 0, 100, 0),
(43002, 29, -9833.98, 870.886, 26.0339, 0, 0, 0, 0, 100, 0),
(43002, 30, -9826.04, 858.333, 25.8499, 0, 0, 0, 0, 100, 0),
(43002, 31, -9821.57, 852.659, 26.5711, 0, 0, 0, 0, 100, 0),
(43002, 32, -9817.65, 847.742, 27.6377, 0, 0, 0, 0, 100, 0),
(43002, 33, -9816.34, 846.184, 27.9804, 0, 0, 0, 0, 100, 0),
(43002, 34, -9816.34, 846.184, 27.9804, 0, 0, 0, 0, 100, 0),
(43002, 35, -9813.79, 844.432, 28.587, 0, 0, 0, 0, 100, 0),
(43002, 36, -9811.92, 843.146, 28.789, 0, 0, 0, 0, 100, 0),
(43002, 37, -9808.84, 841.032, 29.0518, 0, 0, 0, 0, 100, 0);

UPDATE creature_addon SET auras="" WHERE guid in (42964,43102,43107,43122,43318,43569);

UPDATE creature SET position_x=-9889.144, position_y=1306.617, position_z=41.96542, MovementType=2 WHERE guid=43380;

UPDATE creature_addon SET path_id=43380 WHERE guid=43380;

DELETE FROM waypoint_data WHERE id=43380;
INSERT INTO waypoint_data VALUES 
(43380, 0, -9889.144, 1306.617, 41.96542, 5.451698, 0, 0, 0, 100, 0),
(43380, 1, -9883.304, 1306.885, 42.3249, 4.104745, 0, 0, 0, 100, 0),
(43380, 2, -9887.035, 1303.688, 41.94839, 3.849491, 0, 0, 0, 100, 0),
(43380, 3, -9902.555, 1318.214, 42.65733, 2.369015, 0, 0, 0, 100, 0),
(43380, 4, -9882.762, 1340.428, 43.73518, 0.802145, 0, 0, 0, 100, 0),
(43380, 5, -9862.854, 1354.653, 42.68178, 0.641138, 0, 0, 0, 100, 0),
(43380, 6, -9882.762, 1340.428, 43.73518, 0.802145, 0, 0, 0, 100, 0),
(43380, 7, -9902.555, 1318.214, 42.65733, 2.369015, 0, 0, 0, 100, 0),
(43380, 8, -9887.035, 1303.688, 41.94839, 3.849491, 0, 0, 0, 100, 0),
(43380, 9, -9883.304, 1306.885, 42.3249, 4.104745, 0, 0, 0, 100, 0);

UPDATE creature SET position_x=-9867.97, position_y=1280.193, position_z=40.71181, MovementType=2 WHERE guid=42606;

UPDATE creature_addon SET path_id=42606 WHERE guid=42606;

DELETE FROM waypoint_data WHERE id=42606;
INSERT INTO waypoint_data VALUES 
(42606, 0, -9867.97, 1280.193, 40.71181, 2.192297, 0, 0, 0, 100, 0),
(42606, 1, -9867.97, 1280.193, 40.71181, 2.192297, 0, 0, 0, 100, 0),
(42606, 2, -9871.338, 1284.239, 40.85143, 2.255128, 0, 0, 0, 100, 0),
(42606, 3, -9871.998, 1291.774, 41.96118, 1.658226, 0, 0, 0, 100, 0),
(42606, 4, -9860.181, 1302.684, 42.10511, 0.786433, 0, 0, 0, 100, 0),
(42606, 5, -9847.161, 1307.271, 44.10575, 0.338756, 0, 0, 0, 100, 0),
(42606, 6, -9834.338, 1293.829, 40.4505, 5.471336, 0, 0, 0, 100, 0),
(42606, 7, -9820.681, 1277.767, 40.74436, 5.420287, 0, 0, 0, 100, 0),
(42606, 8, -9840.646, 1262.776, 41.52812, 3.794515, 0, 0, 0, 100, 0),
(42606, 9, -9851.951, 1265.868, 41.50278, 2.907015, 0, 0, 0, 100, 0),
(42606, 10, -9863.848, 1277.293, 40.73725, 2.40436, 0, 0, 0, 100, 0);

UPDATE creature SET position_x=-9820.496, position_y=1292.49, position_z=40.45046, MovementType=2 WHERE guid=42368;

UPDATE creature_addon SET path_id=42368 WHERE guid=42368;

DELETE FROM waypoint_data WHERE id=42368;
INSERT INTO waypoint_data VALUES 
(42368, 0, -9820.496, 1292.49, 40.45046, 0.64506, 5000, 0, 0, 100, 0),
(42368, 1, -9824.21, 1287.714, 40.45046, 3.967301, 0, 0, 0, 100, 0),
(42368, 2, -9817.566, 1276.841, 41.23886, 5.223939, 0, 0, 0, 100, 0),
(42368, 3, -9833.192, 1262.991, 40.61734, 3.84164, 0, 0, 0, 100, 0),
(42368, 4, -9827.908, 1257.104, 41.11718, 5.44385, 0, 0, 0, 100, 0),
(42368, 5, -9826.006, 1259.126, 41.25734, 0.833561, 0, 0, 0, 100, 0),
(42368, 6, -9827.908, 1257.104, 41.11718, 5.44385, 5000, 0, 0, 100, 0),
(42368, 7, -9833.192, 1262.991, 40.61734, 3.84164, 0, 0, 0, 100, 0),
(42368, 8, -9817.566, 1276.841, 41.23886, 5.223939, 0, 0, 0, 100, 0),
(42368, 9, -9824.21, 1287.714, 40.45046, 3.967301, 0, 0, 0, 100, 0);

UPDATE locales_quest SET QuestGiverTextWindow_loc3="Koboldbuddler", QuestGiverTargetName_loc3="Koboldbuddler" WHERE Id=26229;

UPDATE locales_quest SET QuestGiverTextWindow_loc3="Rohling", QuestGiverTargetName_loc3="Rohling" WHERE Id=26232;

UPDATE creature_template SET AIName="" WHERE entry=42559;

UPDATE locales_quest SET QuestGiverTextWindow_loc3="Erntebehüter", QuestGiverTargetName_loc3="Erntebehüter" WHERE Id=26237;

update creature_loot_template set chance=79 where entry=199 and item=57786;

update creature_loot_template set chance=85 where entry=157 and item=57788;
















