
DELETE FROM creature WHERE id=35374 AND guid in (2127, 2128, 2129);
INSERT INTO creature VALUES 
(2127, 35374, 654, 0, 0, 1, 0, 440, 11686, 0, -2075.74, 1264.64, -85.13927, 0, 120, 0, 0, 0, 0, 0, 0, 0, 0),
(2128, 35374, 654, 0, 0, 1, 0, 440, 11686, 0, -2066.95, 1260.96, -85.45827, 0, 120, 0, 0, 0, 0, 0, 0, 0, 0),
(2129, 35374, 654, 0, 0, 1, 0, 440, 11686, 0, -2060.72, 1269.86, -85.66326, 0, 120, 0, 0, 0, 0, 0, 0, 0, 0);

DELETE FROM creature_text WHERE entry=37694;
INSERT INTO creature_text VALUES 
(37694, 0, 0, "Thank you!", 12, 0, 100, 0, 0, 0, "Enslaved Villager", 37237),
(37694, 0, 1, "It's true then?  Even those afflicted by the Curse are fighting the Forsaken!", 12, 0, 100, 0, 0, 0, "Enslaved Villager", 37238),
(37694, 0, 2, "The Forsaken will pay for what they've done!", 12, 0, 100, 0, 0, 0, "Enslaved Villager", 37239);

UPDATE creature SET spawntimesecs=120, MovementType=2 WHERE guid=252758;

DELETE FROM creature_addon WHERE guid=252758;
INSERT INTO creature_addon VALUES 
(252758, 252758, 0, 0, 1, 0, 0, 0, 0, "");

DELETE FROM waypoint_data WHERE id=252758;
INSERT INTO waypoint_data VALUES 
(252758, 0, -1178.58, 1022.45, 42.347, 0, 0, 0, 0, 100, 0),
(252758, 1, -1174.48, 1022.87, 42.0519, 0, 0, 0, 0, 100, 0),
(252758, 2, -1172.48, 1023.12, 41.8019, 0, 0, 0, 0, 100, 0),
(252758, 3, -1168.73, 1023.37, 41.8019, 0, 0, 0, 0, 100, 0),
(252758, 4, -1165.98, 1023.37, 41.8019, 0, 0, 0, 0, 100, 0),
(252758, 5, -1164.98, 1023.62, 41.8019, 0, 0, 0, 0, 100, 0),
(252758, 6, -1160.48, 1023.87, 42.8019, 0, 0, 0, 0, 100, 0),
(252758, 7, -1158.87, 1024.29, 43.2567, 0, 0, 0, 0, 100, 0),
(252758, 8, -1160.48, 1023.87, 42.8019, 0, 0, 0, 0, 100, 0),
(252758, 9, -1164.98, 1023.62, 41.8019, 0, 0, 0, 0, 100, 0),
(252758, 10, -1165.98, 1023.37, 41.8019, 0, 0, 0, 0, 100, 0),
(252758, 11, -1168.73, 1023.37, 41.8019, 0, 0, 0, 0, 100, 0),
(252758, 12, -1172.48, 1023.12, 41.8019, 0, 0, 0, 0, 100, 0),
(252758, 13, -1174.48, 1022.87, 42.0519, 0, 0, 0, 0, 100, 0);

UPDATE creature SET spawntimesecs=120, MovementType=2 WHERE guid=252761;

DELETE FROM creature_addon WHERE guid=252761;
INSERT INTO creature_addon VALUES 
(252761, 252761, 0, 0, 1, 0, 0, 0, 0, "");

DELETE FROM waypoint_data WHERE id=252761;
INSERT INTO waypoint_data VALUES 
(252761, 0, -1216.549, 1039.929, 39.58936, 0, 0, 0, 0, 100, 0),
(252761, 1, -1215.106, 1037.417, 39.73962, 0, 0, 0, 0, 100, 0),
(252761, 2, -1216.106, 1032.417, 40.73962, 0, 0, 0, 0, 100, 0),
(252761, 3, -1216.606, 1029.417, 41.23962, 0, 0, 0, 0, 100, 0),
(252761, 4, -1217.106, 1026.667, 41.73962, 0, 0, 0, 0, 100, 0),
(252761, 5, -1217.856, 1023.917, 42.23962, 0, 0, 0, 0, 100, 0),
(252761, 6, -1217.856, 1021.917, 42.73962, 0, 0, 0, 0, 100, 0),
(252761, 7, -1219.106, 1015.917, 43.48962, 0, 0, 0, 0, 100, 0),
(252761, 8, -1219.163, 1015.405, 43.88987, 0, 0, 0, 0, 100, 0),
(252761, 9, -1219.106, 1015.917, 43.48962, 0, 0, 0, 0, 100, 0),
(252761, 10, -1217.856, 1021.917, 42.73962, 0, 0, 0, 0, 100, 0),
(252761, 11, -1217.856, 1023.917, 42.23962, 0, 0, 0, 0, 100, 0),
(252761, 12, -1217.106, 1026.667, 41.73962, 0, 0, 0, 0, 100, 0),
(252761, 13, -1216.606, 1029.417, 41.23962, 0, 0, 0, 0, 100, 0),
(252761, 14, -1216.106, 1032.417, 40.73962, 0, 0, 0, 0, 100, 0),
(252761, 15, -1215.106, 1037.417, 39.73962, 0, 0, 0, 0, 100, 0);

UPDATE creature SET spawntimesecs=120, MovementType=2 WHERE guid=252759;

DELETE FROM creature_addon WHERE guid=252759;
INSERT INTO creature_addon VALUES 
(252759, 252759, 0, 0, 1, 0, 0, 0, 0, "");

DELETE FROM waypoint_data WHERE id=252759;
INSERT INTO waypoint_data VALUES 
(252759, 0, -1186.76, 1033.207, 41.87204, 0, 0, 0, 0, 100, 0),
(252759, 1, -1186.22, 1032.916, 41.79531, 0, 0, 0, 0, 100, 0),
(252759, 2, -1184.97, 1033.166, 42.04531, 0, 0, 0, 0, 100, 0),
(252759, 3, -1182.97, 1030.666, 42.29531, 0, 0, 0, 0, 100, 0),
(252759, 4, -1181.97, 1028.916, 42.29531, 0, 0, 0, 0, 100, 0),
(252759, 5, -1181.47, 1027.916, 42.29531, 0, 0, 0, 0, 100, 0),
(252759, 6, -1177.97, 1023.916, 42.29531, 0, 0, 0, 0, 100, 0),
(252759, 7, -1176.68, 1022.625, 42.71857, 0, 0, 0, 0, 100, 0),
(252759, 8, -1177.97, 1023.916, 42.29531, 0, 0, 0, 0, 100, 0),
(252759, 9, -1181.47, 1027.916, 42.29531, 0, 0, 0, 0, 100, 0),
(252759, 10, -1181.97, 1028.916, 42.29531, 0, 0, 0, 0, 100, 0),
(252759, 11, -1182.97, 1030.666, 42.29531, 0, 0, 0, 0, 100, 0),
(252759, 12, -1184.97, 1033.166, 42.04531, 0, 0, 0, 0, 100, 0),
(252759, 13, -1186.22, 1032.916, 41.79531, 0, 0, 0, 0, 100, 0);

UPDATE creature SET spawntimesecs=120, MovementType=2 WHERE guid=252760;

DELETE FROM creature_addon WHERE guid=252760;
INSERT INTO creature_addon VALUES 
(252760, 252760, 0, 0, 1, 0, 0, 0, 0, "");

DELETE FROM waypoint_data WHERE id=252760;
INSERT INTO waypoint_data VALUES 
(252760, 0, -1205.917, 1056.165, 37.96485, 0, 0, 0, 0, 100, 0),
(252760, 1, -1206.407, 1054.64, 38.0581, 0, 0, 0, 0, 100, 0),
(252760, 2, -1206.407, 1054.14, 37.8081, 0, 0, 0, 0, 100, 0),
(252760, 3, -1209.907, 1049.14, 38.5581, 0, 0, 0, 0, 100, 0),
(252760, 4, -1214.407, 1041.89, 39.0581, 0, 0, 0, 0, 100, 0),
(252760, 5, -1216.897, 1038.116, 39.65135, 0, 0, 0, 0, 100, 0),
(252760, 6, -1214.407, 1041.89, 39.0581, 0, 0, 0, 0, 100, 0),
(252760, 7, -1209.907, 1049.14, 38.5581, 0, 0, 0, 0, 100, 0),
(252760, 8, -1206.407, 1054.14, 37.8081, 0, 0, 0, 0, 100, 0),
(252760, 9, -1206.407, 1054.64, 38.0581, 0, 0, 0, 0, 100, 0);

UPDATE creature SET spawntimesecs=120, MovementType=2 WHERE guid=252769;

DELETE FROM creature_addon WHERE guid=252769;
INSERT INTO creature_addon VALUES 
(252769, 252769, 0, 0, 1, 0, 0, 0, 0, "");

DELETE FROM waypoint_data WHERE id=252769;
INSERT INTO waypoint_data VALUES 
(252769, 0, -1188.91, 1129.323, 26.53969, 0, 0, 0, 0, 100, 0),
(252769, 1, -1191.01, 1128.466, 27.02674, 0, 0, 0, 0, 100, 0),
(252769, 2, -1193.01, 1127.966, 27.77674, 0, 0, 0, 0, 100, 0),
(252769, 3, -1194.76, 1127.216, 28.27674, 0, 0, 0, 0, 100, 0),
(252769, 4, -1196.51, 1126.966, 28.77674, 0, 0, 0, 0, 100, 0),
(252769, 5, -1198.51, 1126.216, 29.52674, 0, 0, 0, 0, 100, 0),
(252769, 6, -1201.26, 1125.466, 30.27674, 0, 0, 0, 0, 100, 0),
(252769, 7, -1202.111, 1125.109, 31.01379, 0, 0, 0, 0, 100, 0),
(252769, 8, -1201.26, 1125.466, 30.27674, 0, 0, 0, 0, 100, 0),
(252769, 9, -1198.51, 1126.216, 29.52674, 0, 0, 0, 0, 100, 0),
(252769, 10, -1196.51, 1126.966, 28.77674, 0, 0, 0, 0, 100, 0),
(252769, 11, -1194.76, 1127.216, 28.27674, 0, 0, 0, 0, 100, 0),
(252769, 12, -1193.01, 1127.966, 27.77674, 0, 0, 0, 0, 100, 0),
(252769, 13, -1191.01, 1128.466, 27.02674, 0, 0, 0, 0, 100, 0);

UPDATE creature SET spawntimesecs=120, MovementType=2 WHERE guid=252790;

DELETE FROM creature_addon WHERE guid=252790;
INSERT INTO creature_addon VALUES 
(252790, 252790, 0, 0, 1, 0, 0, 0, 0, "");

DELETE FROM waypoint_data WHERE id=252790;
INSERT INTO waypoint_data VALUES 
(252790, 0, -1121.595, 1087.806, 24.21713, 0, 0, 0, 0, 100, 0),
(252790, 1, -1119.376, 1086.695, 24.11423, 0, 0, 0, 0, 100, 0),
(252790, 2, -1118.376, 1085.945, 24.11423, 0, 0, 0, 0, 100, 0),
(252790, 3, -1117.126, 1085.195, 24.11423, 0, 0, 0, 0, 100, 0),
(252790, 4, -1115.376, 1083.945, 25.11423, 0, 0, 0, 0, 100, 0),
(252790, 5, -1113.626, 1082.445, 25.11423, 0, 0, 0, 0, 100, 0),
(252790, 6, -1111.658, 1080.085, 25.51133, 0, 0, 0, 0, 100, 0),
(252790, 7, -1113.626, 1082.445, 25.11423, 0, 0, 0, 0, 100, 0),
(252790, 8, -1115.376, 1083.945, 25.11423, 0, 0, 0, 0, 100, 0),
(252790, 9, -1117.126, 1085.195, 24.11423, 0, 0, 0, 0, 100, 0),
(252790, 10, -1118.376, 1085.945, 24.11423, 0, 0, 0, 0, 100, 0),
(252790, 11, -1119.376, 1086.695, 24.11423, 0, 0, 0, 0, 100, 0);

UPDATE creature SET spawntimesecs=120, MovementType=2 WHERE guid=252738;

DELETE FROM creature_addon WHERE guid=252738;
INSERT INTO creature_addon VALUES 
(252738, 252738, 0, 0, 1, 0, 0, 0, 0, "");

DELETE FROM waypoint_data WHERE id=252738;
INSERT INTO waypoint_data VALUES 
(252738, 0, -1174.153, 931.5764, 24.65533, 0, 0, 0, 0, 100, 0),
(252738, 1, -1177.836, 934.4696, 25.43668, 0, 0, 0, 0, 100, 0),
(252738, 2, -1179.336, 935.7196, 25.68668, 0, 0, 0, 0, 100, 0),
(252738, 3, -1181.086, 937.2196, 25.93668, 0, 0, 0, 0, 100, 0),
(252738, 4, -1182.519, 938.8629, 26.71802, 0, 0, 0, 0, 100, 0),
(252738, 5, -1181.086, 937.2196, 25.93668, 0, 0, 0, 0, 100, 0),
(252738, 6, -1179.336, 935.7196, 25.68668, 0, 0, 0, 0, 100, 0),
(252738, 7, -1177.836, 934.4696, 25.43668, 0, 0, 0, 0, 100, 0);

UPDATE creature SET spawntimesecs=120, MovementType=2 WHERE guid=252747;

DELETE FROM creature_addon WHERE guid=252747;
INSERT INTO creature_addon VALUES 
(252747, 252747, 0, 0, 1, 0, 0, 0, 0, "");

DELETE FROM waypoint_data WHERE id=252747;
INSERT INTO waypoint_data VALUES 
(252747, 0, -1123.457, 949.6511, 40.61362, 0, 0, 0, 0, 100, 0),
(252747, 1, -1128.549, 950.3854, 40.68972, 0, 0, 0, 0, 100, 0),
(252747, 2, -1134.141, 951.1198, 41.26582, 0, 0, 0, 0, 100, 0),
(252747, 3, -1128.549, 950.3854, 40.68972, 0, 0, 0, 0, 100, 0);

UPDATE creature SET spawntimesecs=120, MovementType=2 WHERE guid=252756;

DELETE FROM creature_addon WHERE guid=252756;
INSERT INTO creature_addon VALUES 
(252756, 252756, 0, 0, 1, 0, 0, 0, 0, "");

DELETE FROM waypoint_data WHERE id=252756;
INSERT INTO waypoint_data VALUES 
(252756, 0, -1103.339, 994.1389, 45.45897, 0, 0, 0, 0, 100, 0),
(252756, 1, -1100.744, 994.915, 45.22584, 0, 0, 0, 0, 100, 0),
(252756, 2, -1099.994, 995.165, 45.47584, 0, 0, 0, 0, 100, 0),
(252756, 3, -1095.994, 995.915, 45.72584, 0, 0, 0, 0, 100, 0),
(252756, 4, -1093.244, 996.665, 45.97584, 0, 0, 0, 0, 100, 0),
(252756, 5, -1091.15, 997.1912, 46.49271, 0, 0, 0, 0, 100, 0),
(252756, 6, -1093.244, 996.665, 45.97584, 0, 0, 0, 0, 100, 0),
(252756, 7, -1095.994, 995.915, 45.72584, 0, 0, 0, 0, 100, 0),
(252756, 8, -1099.994, 995.165, 45.47584, 0, 0, 0, 0, 100, 0),
(252756, 9, -1100.744, 994.915, 45.22584, 0, 0, 0, 0, 100, 0);

UPDATE creature SET spawntimesecs=120, MovementType=2 WHERE guid=252754;

DELETE FROM creature_addon WHERE guid=252754;
INSERT INTO creature_addon VALUES 
(252754, 252754, 0, 0, 1, 0, 0, 0, 0, "");

DELETE FROM waypoint_data WHERE id=252754;
INSERT INTO waypoint_data VALUES 
(252754, 0, -1032.212, 990.5695, 39.35424, 0, 0, 0, 0, 100, 0),
(252754, 1, -1034.108, 989.6233, 39.74123, 0, 0, 0, 0, 100, 0),
(252754, 2, -1037.358, 988.6233, 40.49123, 0, 0, 0, 0, 100, 0),
(252754, 3, -1040.358, 987.6233, 41.24123, 0, 0, 0, 0, 100, 0),
(252754, 4, -1042.358, 987.1233, 41.74123, 0, 0, 0, 0, 100, 0),
(252754, 5, -1046.858, 985.8733, 42.74123, 0, 0, 0, 0, 100, 0),
(252754, 6, -1050.608, 984.3733, 42.74123, 0, 0, 0, 0, 100, 0),
(252754, 7, -1051.504, 984.1771, 43.12821, 0, 0, 0, 0, 100, 0),
(252754, 8, -1050.608, 984.3733, 42.74123, 0, 0, 0, 0, 100, 0),
(252754, 9, -1046.858, 985.8733, 42.74123, 0, 0, 0, 0, 100, 0),
(252754, 10, -1042.358, 987.1233, 41.74123, 0, 0, 0, 0, 100, 0),
(252754, 11, -1040.358, 987.6233, 41.24123, 0, 0, 0, 0, 100, 0),
(252754, 12, -1037.358, 988.6233, 40.49123, 0, 0, 0, 0, 100, 0),
(252754, 13, -1034.108, 989.6233, 39.74123, 0, 0, 0, 0, 100, 0);

UPDATE creature SET spawntimesecs=120, MovementType=2 WHERE guid=252744;

DELETE FROM creature_addon WHERE guid=252744;
INSERT INTO creature_addon VALUES 
(252744, 252744, 0, 0, 1, 0, 0, 0, 0, "");

DELETE FROM waypoint_data WHERE id=252744;
INSERT INTO waypoint_data VALUES 
(252744, 0, -1072.588, 928.0688, 38.72158, 0, 0, 0, 0, 100, 0),
(252744, 1, -1071.866, 930.5171, 38.89073, 0, 0, 0, 0, 100, 0),
(252744, 2, -1070.866, 933.7671, 39.14073, 0, 0, 0, 0, 100, 0),
(252744, 3, -1069.144, 938.9653, 41.05988, 0, 0, 0, 0, 100, 0),
(252744, 4, -1070.866, 933.7671, 39.14073, 0, 0, 0, 0, 100, 0),
(252744, 5, -1071.866, 930.5171, 38.89073, 0, 0, 0, 0, 100, 0);

UPDATE creature SET spawntimesecs=120, MovementType=2 WHERE guid=252750;

DELETE FROM creature_addon WHERE guid=252750;
INSERT INTO creature_addon VALUES 
(252750, 252750, 0, 0, 1, 0, 0, 0, 0, "");

DELETE FROM waypoint_data WHERE id=252750;
INSERT INTO waypoint_data VALUES 
(252750, 0, -1047.75, 983.312, 42.48835, 0, 0, 0, 0, 100, 0),
(252750, 1, -1046.609, 983.4364, 42.59221, 0, 0, 0, 0, 100, 0),
(252750, 2, -1045.109, 983.6864, 43.59221, 0, 0, 0, 0, 100, 0),
(252750, 3, -1044.859, 984.1864, 43.34221, 0, 0, 0, 0, 100, 0),
(252750, 4, -1044.109, 984.1864, 43.34221, 0, 0, 0, 0, 100, 0),
(252750, 5, -1043.109, 984.6864, 43.59221, 0, 0, 0, 0, 100, 0),
(252750, 6, -1036.359, 985.6864, 43.09221, 0, 0, 0, 0, 100, 0),
(252750, 7, -1035.609, 984.9364, 43.09221, 0, 0, 0, 0, 100, 0),
(252750, 8, -1028.609, 986.4364, 41.59221, 0, 0, 0, 0, 100, 0),
(252750, 9, -1027.859, 986.4364, 41.09221, 0, 0, 0, 0, 100, 0),
(252750, 10, -1023.969, 987.5608, 40.69606, 0, 0, 0, 0, 100, 0),
(252750, 11, -1027.859, 986.4364, 41.09221, 0, 0, 0, 0, 100, 0),
(252750, 12, -1028.609, 986.4364, 41.59221, 0, 0, 0, 0, 100, 0),
(252750, 13, -1035.609, 984.9364, 43.09221, 0, 0, 0, 0, 100, 0),
(252750, 14, -1036.359, 985.6864, 43.09221, 0, 0, 0, 0, 100, 0),
(252750, 15, -1043.109, 984.6864, 43.59221, 0, 0, 0, 0, 100, 0),
(252750, 16, -1044.109, 984.1864, 43.34221, 0, 0, 0, 0, 100, 0),
(252750, 17, -1044.859, 984.1864, 43.34221, 0, 0, 0, 0, 100, 0),
(252750, 18, -1045.109, 983.6864, 43.59221, 0, 0, 0, 0, 100, 0),
(252750, 19, -1046.609, 983.4364, 42.59221, 0, 0, 0, 0, 100, 0);

UPDATE creature_template SET ScriptName="npc_enslaved_villager_37694" WHERE entry=37694;

UPDATE gameobject_template SET ScriptName="go_ball_and_chain_201775" WHERE entry=201775;

delete from gameobject where id=180322 and guid=401069;
	
delete from spell_script_names where spell_id in (72050, 72051);   
insert into spell_script_names values 
(72050, "spell_fiery_boulder_72050"),
(72051, "spell_fiery_boulder_72051");


